31,0
the-33,0
300,0
a-very-long-engagement,0
1408,0
the-strangers,0
1492-conquest-of-paradise,0
1911,0
tomorrowland,0
2001-a-space-odyssey,0
2012,0
102-dalmatians,0
2046,0
tying-the-knot,0
10000-bc,0
after-earth,0
1000-times-good-night,0
100-bloody-acres,0
the-hundred-foot-journey,0
800-bullets,0
tyson,0
10-things-i-hate-about-you,0
the-11th-hour,0
13-assassins,0
13-going-on-30,0
13-hours-the-secret-soldiers-of-benghazi,0
strangers-with-candy,0
13-minutes,0
the-13th-warrior,0
13-tzameti,0
16-blocks,0
17-again,0
200-cigarettes,0
20-centimeters,0
20-feet-from-stardom,0
3-idiots,0
v-for-vendetta,0
20th-century-women,0
21-and-over,0
21-jump-street,0
circuit,0
beautiful-boxer,0
22-jump-street,0
23-blast,0
24-hour-party-people,0
the-24th-day,0
27-dresses,0
stranger-than-fiction,0
28-days-later,0
21,0
